"priority","event","emotion","variant","sex","kind","subtitle","audio_path","recording_status","seed_audio_path","seed_source","seed_license"
"P0","casualty","angry","0","Female","emotional_override","Damn it, I'm hit!","Voice\Battlefield\Female\casualty__angry.ogg","recording_required","","",""
"P0","casualty","angry","0","Male","emotional_override","Damn it, I'm hit!","Voice\Battlefield\Male\casualty__angry.ogg","recording_required","","",""
"P0","casualty","controlled","0","Female","pool","I'm hit!","Voice\Battlefield\Female\casualty__controlled.ogg","recording_required","","",""
"P0","casualty","controlled","0","Male","pool","I'm hit!","Voice\Battlefield\Male\casualty__controlled.ogg","recording_required","","",""
"P0","casualty","controlled","1","Female","pool","Man hit!","Voice\Battlefield\Female\casualty__controlled 0.ogg","recording_required","","",""
"P0","casualty","controlled","1","Male","pool","Man hit!","Voice\Battlefield\Male\casualty__controlled 0.ogg","recording_required","","",""
"P0","casualty","controlled","2","Female","pool","They got me!","Voice\Battlefield\Female\casualty__controlled 1.ogg","recording_required","","",""
"P0","casualty","controlled","2","Male","pool","They got me!","Voice\Battlefield\Male\casualty__controlled 1.ogg","recording_required","","",""
"P0","casualty","controlled","3","Female","pool","Hit!","Voice\Battlefield\Female\casualty__controlled 2.ogg","recording_required","","",""
"P0","casualty","controlled","3","Male","pool","Hit!","Voice\Battlefield\Male\casualty__controlled 2.ogg","recording_required","","",""
"P0","casualty","controlled","4","Female","pool","I'm wounded!","Voice\Battlefield\Female\casualty__controlled 3.ogg","recording_required","","",""
"P0","casualty","controlled","4","Male","pool","I'm wounded!","Voice\Battlefield\Male\casualty__controlled 3.ogg","recording_required","","",""
"P0","casualty","controlled","5","Female","pool","Under fire, I'm hit!","Voice\Battlefield\Female\casualty__controlled 4.ogg","recording_required","","",""
"P0","casualty","controlled","5","Male","pool","Under fire, I'm hit!","Voice\Battlefield\Male\casualty__controlled 4.ogg","recording_required","","",""
"P0","casualty","controlled","6","Female","pool","I've been hit!","Voice\Battlefield\Female\casualty__controlled 5.ogg","recording_required","","",""
"P0","casualty","controlled","6","Male","pool","I've been hit!","Voice\Battlefield\Male\casualty__controlled 5.ogg","recording_required","","",""
"P0","casualty","controlled","7","Female","pool","Wounded here!","Voice\Battlefield\Female\casualty__controlled 6.ogg","recording_required","","",""
"P0","casualty","controlled","7","Male","pool","Wounded here!","Voice\Battlefield\Male\casualty__controlled 6.ogg","recording_required","","",""
"P0","casualty","controlled","8","Female","pool","I'm hurt!","Voice\Battlefield\Female\casualty__controlled 7.ogg","recording_required","","",""
"P0","casualty","controlled","8","Male","pool","I'm hurt!","Voice\Battlefield\Male\casualty__controlled 7.ogg","recording_required","","",""
"P0","casualty","controlled","9","Female","pool","Casualty here!","Voice\Battlefield\Female\casualty__controlled 8.ogg","recording_required","","",""
"P0","casualty","controlled","9","Male","pool","Casualty here!","Voice\Battlefield\Male\casualty__controlled 8.ogg","recording_required","","",""
"P0","casualty","distressed","0","Female","emotional_override","I'm hit!","Voice\Battlefield\Female\casualty__distressed.ogg","recording_required","","",""
"P0","casualty","distressed","0","Male","emotional_override","I'm hit!","Voice\Battlefield\Male\casualty__distressed.ogg","recording_required","","",""
"P0","casualty","distressed","1","Female","emotional_override","Help me!","Voice\Battlefield\Female\casualty__distressed 0.ogg","recording_required","","",""
"P0","casualty","distressed","1","Male","emotional_override","Help me!","Voice\Battlefield\Male\casualty__distressed 0.ogg","recording_required","","",""
"P0","casualty","panicked","0","Female","emotional_override","Oh God!","Voice\Battlefield\Female\casualty__panicked.ogg","recording_required","","",""
"P0","casualty","panicked","0","Male","emotional_override","Oh God!","Voice\Battlefield\Male\casualty__panicked.ogg","recording_required","","",""
"P0","casualty","panicked","1","Female","emotional_override","Please help me!","Voice\Battlefield\Female\casualty__panicked 0.ogg","recording_required","","",""
"P0","casualty","panicked","1","Male","emotional_override","Please help me!","Voice\Battlefield\Male\casualty__panicked 0.ogg","recording_required","","",""
"P0","casualty","panicked","2","Female","emotional_override","I don't want to die!","Voice\Battlefield\Female\casualty__panicked 1.ogg","recording_required","","",""
"P0","casualty","panicked","2","Male","emotional_override","I don't want to die!","Voice\Battlefield\Male\casualty__panicked 1.ogg","recording_required","","",""
"P0","casualty","panicked","3","Female","emotional_override","Mother!","Voice\Battlefield\Female\casualty__panicked 2.ogg","recording_required","","",""
"P0","casualty","panicked","3","Male","emotional_override","Mother!","Voice\Battlefield\Male\casualty__panicked 2.ogg","recording_required","","",""
"P0","grenade","controlled","0","Female","pool","Grenade!","Voice\Battlefield\Female\grenade__controlled.ogg","recording_required","","",""
"P0","grenade","controlled","0","Male","pool","Grenade!","Voice\Battlefield\Male\grenade__controlled.ogg","recording_required","","",""
"P0","grenade","controlled","1","Female","pool","Grenade out!","Voice\Battlefield\Female\grenade__controlled 0.ogg","recording_required","","",""
"P0","grenade","controlled","1","Male","pool","Grenade out!","Voice\Battlefield\Male\grenade__controlled 0.ogg","recording_required","","",""
"P0","grenade","controlled","2","Female","pool","Frag out!","Voice\Battlefield\Female\grenade__controlled 1.ogg","recording_required","","",""
"P0","grenade","controlled","2","Male","pool","Frag out!","Voice\Battlefield\Male\grenade__controlled 1.ogg","recording_required","","",""
"P0","grenade","controlled","3","Female","pool","Explosive out!","Voice\Battlefield\Female\grenade__controlled 2.ogg","recording_required","","",""
"P0","grenade","controlled","3","Male","pool","Explosive out!","Voice\Battlefield\Male\grenade__controlled 2.ogg","recording_required","","",""
"P0","grenade","controlled","4","Female","pool","Grenade, take cover!","Voice\Battlefield\Female\grenade__controlled 3.ogg","recording_required","","",""
"P0","grenade","controlled","4","Male","pool","Grenade, take cover!","Voice\Battlefield\Male\grenade__controlled 3.ogg","recording_required","","",""
"P0","grenade","controlled","5","Female","pool","Throwing grenade!","Voice\Battlefield\Female\grenade__controlled 4.ogg","recording_required","","",""
"P0","grenade","controlled","5","Male","pool","Throwing grenade!","Voice\Battlefield\Male\grenade__controlled 4.ogg","recording_required","","",""
"P0","grenade","controlled","6","Female","pool","Fire in the hole!","Voice\Battlefield\Female\grenade__controlled 5.ogg","reuse_seed","Female\war_fire_in_the_hole.ogg","Kenney Voiceover Pack","CC0 1.0"
"P0","grenade","controlled","6","Male","pool","Fire in the hole!","Voice\Battlefield\Male\grenade__controlled 5.ogg","reuse_seed","Male\war_fire_in_the_hole.ogg","Kenney Voiceover Pack","CC0 1.0"
"P0","grenade","controlled","7","Female","pool","Get down, grenade!","Voice\Battlefield\Female\grenade__controlled 6.ogg","recording_required","","",""
"P0","grenade","controlled","7","Male","pool","Get down, grenade!","Voice\Battlefield\Male\grenade__controlled 6.ogg","recording_required","","",""
"P0","grenade","controlled","8","Female","pool","Grenade on them!","Voice\Battlefield\Female\grenade__controlled 7.ogg","recording_required","","",""
"P0","grenade","controlled","8","Male","pool","Grenade on them!","Voice\Battlefield\Male\grenade__controlled 7.ogg","recording_required","","",""
"P0","grenade","controlled","9","Female","pool","Watch the blast!","Voice\Battlefield\Female\grenade__controlled 8.ogg","recording_required","","",""
"P0","grenade","controlled","9","Male","pool","Watch the blast!","Voice\Battlefield\Male\grenade__controlled 8.ogg","recording_required","","",""
"P0","incoming","controlled","0","Female","pool","Incoming fire!","Voice\Battlefield\Female\incoming__controlled.ogg","recording_required","","",""
"P0","incoming","controlled","0","Male","pool","Incoming fire!","Voice\Battlefield\Male\incoming__controlled.ogg","recording_required","","",""
"P0","incoming","controlled","1","Female","pool","Get down, now!","Voice\Battlefield\Female\incoming__controlled 0.ogg","recording_required","","",""
"P0","incoming","controlled","1","Male","pool","Get down, now!","Voice\Battlefield\Male\incoming__controlled 0.ogg","recording_required","","",""
"P0","incoming","controlled","2","Female","pool","Shots incoming!","Voice\Battlefield\Female\incoming__controlled 1.ogg","recording_required","","",""
"P0","incoming","controlled","2","Male","pool","Shots incoming!","Voice\Battlefield\Male\incoming__controlled 1.ogg","recording_required","","",""
"P0","incoming","controlled","3","Female","pool","Take cover, incoming!","Voice\Battlefield\Female\incoming__controlled 2.ogg","recording_required","","",""
"P0","incoming","controlled","3","Male","pool","Take cover, incoming!","Voice\Battlefield\Male\incoming__controlled 2.ogg","recording_required","","",""
"P0","incoming","controlled","4","Female","pool","They're firing on us!","Voice\Battlefield\Female\incoming__controlled 3.ogg","recording_required","","",""
"P0","incoming","controlled","4","Male","pool","They're firing on us!","Voice\Battlefield\Male\incoming__controlled 3.ogg","recording_required","","",""
"P0","incoming","controlled","5","Female","pool","Down, down!","Voice\Battlefield\Female\incoming__controlled 4.ogg","recording_required","","",""
"P0","incoming","controlled","5","Male","pool","Down, down!","Voice\Battlefield\Male\incoming__controlled 4.ogg","recording_required","","",""
"P0","incoming","controlled","6","Female","pool","We're taking fire!","Voice\Battlefield\Female\incoming__controlled 5.ogg","recording_required","","",""
"P0","incoming","controlled","6","Male","pool","We're taking fire!","Voice\Battlefield\Male\incoming__controlled 5.ogg","recording_required","","",""
"P0","incoming","controlled","7","Female","pool","Watch out!","Voice\Battlefield\Female\incoming__controlled 6.ogg","recording_required","","",""
"P0","incoming","controlled","7","Male","pool","Watch out!","Voice\Battlefield\Male\incoming__controlled 6.ogg","recording_required","","",""
"P0","incoming","controlled","8","Female","pool","Fire on our position!","Voice\Battlefield\Female\incoming__controlled 7.ogg","recording_required","","",""
"P0","incoming","controlled","8","Male","pool","Fire on our position!","Voice\Battlefield\Male\incoming__controlled 7.ogg","recording_required","","",""
"P0","incoming","controlled","9","Female","pool","Enemy fire!","Voice\Battlefield\Female\incoming__controlled 8.ogg","recording_required","","",""
"P0","incoming","controlled","9","Male","pool","Enemy fire!","Voice\Battlefield\Male\incoming__controlled 8.ogg","recording_required","","",""
"P0","incoming","distressed","0","Female","emotional_override","We're taking fire!","Voice\Battlefield\Female\incoming__distressed.ogg","recording_required","","",""
"P0","incoming","distressed","0","Male","emotional_override","We're taking fire!","Voice\Battlefield\Male\incoming__distressed.ogg","recording_required","","",""
"P0","incoming","panicked","0","Female","emotional_override","They're all over us!","Voice\Battlefield\Female\incoming__panicked.ogg","recording_required","","",""
"P0","incoming","panicked","0","Male","emotional_override","They're all over us!","Voice\Battlefield\Male\incoming__panicked.ogg","recording_required","","",""
"P0","medic","angry","0","Female","emotional_override","Medic, now!","Voice\Battlefield\Female\medic__angry.ogg","recording_required","","",""
"P0","medic","angry","0","Male","emotional_override","Medic, now!","Voice\Battlefield\Male\medic__angry.ogg","recording_required","","",""
"P0","medic","controlled","0","Female","pool","Medic!","Voice\Battlefield\Female\medic__controlled.ogg","reuse_seed","Female\war_medic.ogg","Kenney Voiceover Pack","CC0 1.0"
"P0","medic","controlled","0","Male","pool","Medic!","Voice\Battlefield\Male\medic__controlled.ogg","reuse_seed","Male\war_medic.ogg","Kenney Voiceover Pack","CC0 1.0"
"P0","medic","controlled","1","Female","pool","Medic, here!","Voice\Battlefield\Female\medic__controlled 0.ogg","recording_required","","",""
"P0","medic","controlled","1","Male","pool","Medic, here!","Voice\Battlefield\Male\medic__controlled 0.ogg","recording_required","","",""
"P0","medic","controlled","2","Female","pool","Get the medic!","Voice\Battlefield\Female\medic__controlled 1.ogg","recording_required","","",""
"P0","medic","controlled","2","Male","pool","Get the medic!","Voice\Battlefield\Male\medic__controlled 1.ogg","recording_required","","",""
"P0","medic","controlled","3","Female","pool","He's hit, medic!","Voice\Battlefield\Female\medic__controlled 2.ogg","recording_required","","",""
"P0","medic","controlled","3","Male","pool","He's hit, medic!","Voice\Battlefield\Male\medic__controlled 2.ogg","recording_required","","",""
"P0","medic","controlled","4","Female","pool","Help him!","Voice\Battlefield\Female\medic__controlled 3.ogg","recording_required","","",""
"P0","medic","controlled","4","Male","pool","Help him!","Voice\Battlefield\Male\medic__controlled 3.ogg","recording_required","","",""
"P0","medic","controlled","5","Female","pool","Medic, move!","Voice\Battlefield\Female\medic__controlled 4.ogg","recording_required","","",""
"P0","medic","controlled","5","Male","pool","Medic, move!","Voice\Battlefield\Male\medic__controlled 4.ogg","recording_required","","",""
"P0","medic","controlled","6","Female","pool","Get over here, medic!","Voice\Battlefield\Female\medic__controlled 5.ogg","recording_required","","",""
"P0","medic","controlled","6","Male","pool","Get over here, medic!","Voice\Battlefield\Male\medic__controlled 5.ogg","recording_required","","",""
"P0","medic","controlled","7","Female","pool","We need medical!","Voice\Battlefield\Female\medic__controlled 6.ogg","recording_required","","",""
"P0","medic","controlled","7","Male","pool","We need medical!","Voice\Battlefield\Male\medic__controlled 6.ogg","recording_required","","",""
"P0","medic","controlled","8","Female","pool","Treat him!","Voice\Battlefield\Female\medic__controlled 7.ogg","recording_required","","",""
"P0","medic","controlled","8","Male","pool","Treat him!","Voice\Battlefield\Male\medic__controlled 7.ogg","recording_required","","",""
"P0","medic","controlled","9","Female","pool","Medic, he's bleeding!","Voice\Battlefield\Female\medic__controlled 8.ogg","recording_required","","",""
"P0","medic","controlled","9","Male","pool","Medic, he's bleeding!","Voice\Battlefield\Male\medic__controlled 8.ogg","recording_required","","",""
"P0","medic","distressed","0","Female","emotional_override","Help me!","Voice\Battlefield\Female\medic__distressed.ogg","recording_required","","",""
"P0","medic","distressed","0","Male","emotional_override","Help me!","Voice\Battlefield\Male\medic__distressed.ogg","recording_required","","",""
"P0","medic","distressed","1","Female","emotional_override","I need a medic!","Voice\Battlefield\Female\medic__distressed 0.ogg","recording_required","","",""
"P0","medic","distressed","1","Male","emotional_override","I need a medic!","Voice\Battlefield\Male\medic__distressed 0.ogg","recording_required","","",""
"P0","medic","panicked","0","Female","emotional_override","Please help me!","Voice\Battlefield\Female\medic__panicked.ogg","recording_required","","",""
"P0","medic","panicked","0","Male","emotional_override","Please help me!","Voice\Battlefield\Male\medic__panicked.ogg","recording_required","","",""
"P0","medic","panicked","1","Female","emotional_override","Don't leave me!","Voice\Battlefield\Female\medic__panicked 0.ogg","recording_required","","",""
"P0","medic","panicked","1","Male","emotional_override","Don't leave me!","Voice\Battlefield\Male\medic__panicked 0.ogg","recording_required","","",""
"P0","medic","panicked","2","Female","emotional_override","Medic! Please!","Voice\Battlefield\Female\medic__panicked 1.ogg","recording_required","","",""
"P0","medic","panicked","2","Male","emotional_override","Medic! Please!","Voice\Battlefield\Male\medic__panicked 1.ogg","recording_required","","",""
"P0","out_of_ammo","controlled","0","Female","pool","Out of ammo!","Voice\Battlefield\Female\out_of_ammo__controlled.ogg","recording_required","","",""
"P0","out_of_ammo","controlled","0","Male","pool","Out of ammo!","Voice\Battlefield\Male\out_of_ammo__controlled.ogg","recording_required","","",""
"P0","out_of_ammo","controlled","1","Female","pool","I'm empty!","Voice\Battlefield\Female\out_of_ammo__controlled 0.ogg","recording_required","","",""
"P0","out_of_ammo","controlled","1","Male","pool","I'm empty!","Voice\Battlefield\Male\out_of_ammo__controlled 0.ogg","recording_required","","",""
"P0","out_of_ammo","controlled","2","Female","pool","No rounds!","Voice\Battlefield\Female\out_of_ammo__controlled 1.ogg","recording_required","","",""
"P0","out_of_ammo","controlled","2","Male","pool","No rounds!","Voice\Battlefield\Male\out_of_ammo__controlled 1.ogg","recording_required","","",""
"P0","out_of_ammo","controlled","3","Female","pool","Weapon empty!","Voice\Battlefield\Female\out_of_ammo__controlled 2.ogg","recording_required","","",""
"P0","out_of_ammo","controlled","3","Male","pool","Weapon empty!","Voice\Battlefield\Male\out_of_ammo__controlled 2.ogg","recording_required","","",""
"P0","out_of_ammo","controlled","4","Female","pool","Cover me, I'm dry!","Voice\Battlefield\Female\out_of_ammo__controlled 3.ogg","recording_required","","",""
"P0","out_of_ammo","controlled","4","Male","pool","Cover me, I'm dry!","Voice\Battlefield\Male\out_of_ammo__controlled 3.ogg","recording_required","","",""
"P0","out_of_ammo","controlled","5","Female","pool","I'm out!","Voice\Battlefield\Female\out_of_ammo__controlled 4.ogg","recording_required","","",""
"P0","out_of_ammo","controlled","5","Male","pool","I'm out!","Voice\Battlefield\Male\out_of_ammo__controlled 4.ogg","recording_required","","",""
"P0","out_of_ammo","controlled","6","Female","pool","No ammunition!","Voice\Battlefield\Female\out_of_ammo__controlled 5.ogg","recording_required","","",""
"P0","out_of_ammo","controlled","6","Male","pool","No ammunition!","Voice\Battlefield\Male\out_of_ammo__controlled 5.ogg","recording_required","","",""
"P0","out_of_ammo","controlled","7","Female","pool","Empty, cover me!","Voice\Battlefield\Female\out_of_ammo__controlled 6.ogg","recording_required","","",""
"P0","out_of_ammo","controlled","7","Male","pool","Empty, cover me!","Voice\Battlefield\Male\out_of_ammo__controlled 6.ogg","recording_required","","",""
"P0","out_of_ammo","controlled","8","Female","pool","I need ammo!","Voice\Battlefield\Female\out_of_ammo__controlled 7.ogg","recording_required","","",""
"P0","out_of_ammo","controlled","8","Male","pool","I need ammo!","Voice\Battlefield\Male\out_of_ammo__controlled 7.ogg","recording_required","","",""
"P0","out_of_ammo","controlled","9","Female","pool","Dry!","Voice\Battlefield\Female\out_of_ammo__controlled 8.ogg","recording_required","","",""
"P0","out_of_ammo","controlled","9","Male","pool","Dry!","Voice\Battlefield\Male\out_of_ammo__controlled 8.ogg","recording_required","","",""
"P0","out_of_ammo","panicked","0","Female","emotional_override","I'm out! Cover me!","Voice\Battlefield\Female\out_of_ammo__panicked.ogg","recording_required","","",""
"P0","out_of_ammo","panicked","0","Male","emotional_override","I'm out! Cover me!","Voice\Battlefield\Male\out_of_ammo__panicked.ogg","recording_required","","",""
"P0","take_cover","controlled","0","Female","pool","Take cover!","Voice\Battlefield\Female\take_cover__controlled.ogg","recording_required","","",""
"P0","take_cover","controlled","0","Male","pool","Take cover!","Voice\Battlefield\Male\take_cover__controlled.ogg","recording_required","","",""
"P0","take_cover","controlled","1","Female","pool","Get down!","Voice\Battlefield\Female\take_cover__controlled 0.ogg","reuse_seed","Female\war_get_down.ogg","Kenney Voiceover Pack","CC0 1.0"
"P0","take_cover","controlled","1","Male","pool","Get down!","Voice\Battlefield\Male\take_cover__controlled 0.ogg","reuse_seed","Male\war_get_down.ogg","Kenney Voiceover Pack","CC0 1.0"
"P0","take_cover","controlled","2","Female","pool","Find cover!","Voice\Battlefield\Female\take_cover__controlled 1.ogg","recording_required","","",""
"P0","take_cover","controlled","2","Male","pool","Find cover!","Voice\Battlefield\Male\take_cover__controlled 1.ogg","recording_required","","",""
"P0","take_cover","controlled","3","Female","pool","Get behind something!","Voice\Battlefield\Female\take_cover__controlled 2.ogg","recording_required","","",""
"P0","take_cover","controlled","3","Male","pool","Get behind something!","Voice\Battlefield\Male\take_cover__controlled 2.ogg","recording_required","","",""
"P0","take_cover","controlled","4","Female","pool","Get out of the open!","Voice\Battlefield\Female\take_cover__controlled 3.ogg","recording_required","","",""
"P0","take_cover","controlled","4","Male","pool","Get out of the open!","Voice\Battlefield\Male\take_cover__controlled 3.ogg","recording_required","","",""
"P0","take_cover","controlled","5","Female","pool","Cover, now!","Voice\Battlefield\Female\take_cover__controlled 4.ogg","recording_required","","",""
"P0","take_cover","controlled","5","Male","pool","Cover, now!","Voice\Battlefield\Male\take_cover__controlled 4.ogg","recording_required","","",""
"P0","take_cover","controlled","6","Female","pool","Get low!","Voice\Battlefield\Female\take_cover__controlled 5.ogg","recording_required","","",""
"P0","take_cover","controlled","6","Male","pool","Get low!","Voice\Battlefield\Male\take_cover__controlled 5.ogg","recording_required","","",""
"P0","take_cover","controlled","7","Female","pool","Move to cover!","Voice\Battlefield\Female\take_cover__controlled 6.ogg","recording_required","","",""
"P0","take_cover","controlled","7","Male","pool","Move to cover!","Voice\Battlefield\Male\take_cover__controlled 6.ogg","recording_required","","",""
"P0","take_cover","controlled","8","Female","pool","Heads down!","Voice\Battlefield\Female\take_cover__controlled 7.ogg","recording_required","","",""
"P0","take_cover","controlled","8","Male","pool","Heads down!","Voice\Battlefield\Male\take_cover__controlled 7.ogg","recording_required","","",""
"P0","take_cover","controlled","9","Female","pool","Off the open ground!","Voice\Battlefield\Female\take_cover__controlled 8.ogg","recording_required","","",""
"P0","take_cover","controlled","9","Male","pool","Off the open ground!","Voice\Battlefield\Male\take_cover__controlled 8.ogg","recording_required","","",""
"P0","take_cover","distressed","0","Female","emotional_override","We need cover!","Voice\Battlefield\Female\take_cover__distressed.ogg","recording_required","","",""
"P0","take_cover","distressed","0","Male","emotional_override","We need cover!","Voice\Battlefield\Male\take_cover__distressed.ogg","recording_required","","",""
"P0","take_cover","panicked","0","Female","emotional_override","Get down!","Voice\Battlefield\Female\take_cover__panicked.ogg","recording_required","","",""
"P0","take_cover","panicked","0","Male","emotional_override","Get down!","Voice\Battlefield\Male\take_cover__panicked.ogg","recording_required","","",""
"P0","withdraw","angry","0","Female","emotional_override","Back! Move!","Voice\Battlefield\Female\withdraw__angry.ogg","recording_required","","",""
"P0","withdraw","angry","0","Male","emotional_override","Back! Move!","Voice\Battlefield\Male\withdraw__angry.ogg","recording_required","","",""
"P0","withdraw","controlled","0","Female","pool","Fall back!","Voice\Battlefield\Female\withdraw__controlled.ogg","recording_required","","",""
"P0","withdraw","controlled","0","Male","pool","Fall back!","Voice\Battlefield\Male\withdraw__controlled.ogg","recording_required","","",""
"P0","withdraw","controlled","1","Female","pool","Break contact!","Voice\Battlefield\Female\withdraw__controlled 0.ogg","recording_required","","",""
"P0","withdraw","controlled","1","Male","pool","Break contact!","Voice\Battlefield\Male\withdraw__controlled 0.ogg","recording_required","","",""
"P0","withdraw","controlled","2","Female","pool","Back!","Voice\Battlefield\Female\withdraw__controlled 1.ogg","recording_required","","",""
"P0","withdraw","controlled","2","Male","pool","Back!","Voice\Battlefield\Male\withdraw__controlled 1.ogg","recording_required","","",""
"P0","withdraw","controlled","3","Female","pool","Move back!","Voice\Battlefield\Female\withdraw__controlled 2.ogg","recording_required","","",""
"P0","withdraw","controlled","3","Male","pool","Move back!","Voice\Battlefield\Male\withdraw__controlled 2.ogg","recording_required","","",""
"P0","withdraw","controlled","4","Female","pool","Disengage!","Voice\Battlefield\Female\withdraw__controlled 3.ogg","recording_required","","",""
"P0","withdraw","controlled","4","Male","pool","Disengage!","Voice\Battlefield\Male\withdraw__controlled 3.ogg","recording_required","","",""
"P0","withdraw","controlled","5","Female","pool","Back to cover!","Voice\Battlefield\Female\withdraw__controlled 4.ogg","recording_required","","",""
"P0","withdraw","controlled","5","Male","pool","Back to cover!","Voice\Battlefield\Male\withdraw__controlled 4.ogg","recording_required","","",""
"P0","withdraw","controlled","6","Female","pool","Withdraw!","Voice\Battlefield\Female\withdraw__controlled 5.ogg","recording_required","","",""
"P0","withdraw","controlled","6","Male","pool","Withdraw!","Voice\Battlefield\Male\withdraw__controlled 5.ogg","recording_required","","",""
"P0","withdraw","controlled","7","Female","pool","Give ground!","Voice\Battlefield\Female\withdraw__controlled 6.ogg","recording_required","","",""
"P0","withdraw","controlled","7","Male","pool","Give ground!","Voice\Battlefield\Male\withdraw__controlled 6.ogg","recording_required","","",""
"P0","withdraw","controlled","8","Female","pool","Pull out!","Voice\Battlefield\Female\withdraw__controlled 7.ogg","recording_required","","",""
"P0","withdraw","controlled","8","Male","pool","Pull out!","Voice\Battlefield\Male\withdraw__controlled 7.ogg","recording_required","","",""
"P0","withdraw","controlled","9","Female","pool","Fallback route!","Voice\Battlefield\Female\withdraw__controlled 8.ogg","recording_required","","",""
"P0","withdraw","controlled","9","Male","pool","Fallback route!","Voice\Battlefield\Male\withdraw__controlled 8.ogg","recording_required","","",""
"P0","withdraw","distressed","0","Female","emotional_override","Fall back, now!","Voice\Battlefield\Female\withdraw__distressed.ogg","recording_required","","",""
"P0","withdraw","distressed","0","Male","emotional_override","Fall back, now!","Voice\Battlefield\Male\withdraw__distressed.ogg","recording_required","","",""
"P0","withdraw","panicked","0","Female","emotional_override","Get me out of here!","Voice\Battlefield\Female\withdraw__panicked.ogg","recording_required","","",""
"P0","withdraw","panicked","0","Male","emotional_override","Get me out of here!","Voice\Battlefield\Male\withdraw__panicked.ogg","recording_required","","",""
"P0","withdraw","panicked","1","Female","emotional_override","We're being overrun!","Voice\Battlefield\Female\withdraw__panicked 0.ogg","recording_required","","",""
"P0","withdraw","panicked","1","Male","emotional_override","We're being overrun!","Voice\Battlefield\Male\withdraw__panicked 0.ogg","recording_required","","",""
"P1","civilian","controlled","0","Female","pool","Civilian, watch your fire!","Voice\Battlefield\Female\civilian__controlled.ogg","recording_required","","",""
"P1","civilian","controlled","0","Male","pool","Civilian, watch your fire!","Voice\Battlefield\Male\civilian__controlled.ogg","recording_required","","",""
"P1","civilian","controlled","1","Female","pool","Civilians near the target!","Voice\Battlefield\Female\civilian__controlled 0.ogg","recording_required","","",""
"P1","civilian","controlled","1","Male","pool","Civilians near the target!","Voice\Battlefield\Male\civilian__controlled 0.ogg","recording_required","","",""
"P1","civilian","controlled","2","Female","pool","Watch the civilians!","Voice\Battlefield\Female\civilian__controlled 1.ogg","recording_required","","",""
"P1","civilian","controlled","2","Male","pool","Watch the civilians!","Voice\Battlefield\Male\civilian__controlled 1.ogg","recording_required","","",""
"P1","civilian","controlled","3","Female","pool","Noncombatant, check fire!","Voice\Battlefield\Female\civilian__controlled 2.ogg","recording_required","","",""
"P1","civilian","controlled","3","Male","pool","Noncombatant, check fire!","Voice\Battlefield\Male\civilian__controlled 2.ogg","recording_required","","",""
"P1","civilian","controlled","4","Female","pool","Civilian in the line of fire!","Voice\Battlefield\Female\civilian__controlled 3.ogg","recording_required","","",""
"P1","civilian","controlled","4","Male","pool","Civilian in the line of fire!","Voice\Battlefield\Male\civilian__controlled 3.ogg","recording_required","","",""
"P1","civilian","controlled","5","Female","pool","Careful, civilian!","Voice\Battlefield\Female\civilian__controlled 4.ogg","recording_required","","",""
"P1","civilian","controlled","5","Male","pool","Careful, civilian!","Voice\Battlefield\Male\civilian__controlled 4.ogg","recording_required","","",""
"P1","civilian","controlled","6","Female","pool","Check your shots, civilian!","Voice\Battlefield\Female\civilian__controlled 5.ogg","recording_required","","",""
"P1","civilian","controlled","6","Male","pool","Check your shots, civilian!","Voice\Battlefield\Male\civilian__controlled 5.ogg","recording_required","","",""
"P1","civilian","controlled","7","Female","pool","Civilian nearby!","Voice\Battlefield\Female\civilian__controlled 6.ogg","recording_required","","",""
"P1","civilian","controlled","7","Male","pool","Civilian nearby!","Voice\Battlefield\Male\civilian__controlled 6.ogg","recording_required","","",""
"P1","civilian","controlled","8","Female","pool","Hold fire, civilian nearby!","Voice\Battlefield\Female\civilian__controlled 7.ogg","recording_required","","",""
"P1","civilian","controlled","8","Male","pool","Hold fire, civilian nearby!","Voice\Battlefield\Male\civilian__controlled 7.ogg","recording_required","","",""
"P1","civilian","controlled","9","Female","pool","Eyes on civilians!","Voice\Battlefield\Female\civilian__controlled 8.ogg","recording_required","","",""
"P1","civilian","controlled","9","Male","pool","Eyes on civilians!","Voice\Battlefield\Male\civilian__controlled 8.ogg","recording_required","","",""
"P1","contact","controlled","0","Female","pool","Contact!","Voice\Battlefield\Female\contact__controlled.ogg","recording_required","","",""
"P1","contact","controlled","0","Male","pool","Contact!","Voice\Battlefield\Male\contact__controlled.ogg","recording_required","","",""
"P1","contact","controlled","1","Female","pool","Enemy spotted!","Voice\Battlefield\Female\contact__controlled 0.ogg","recording_required","","",""
"P1","contact","controlled","1","Male","pool","Enemy spotted!","Voice\Battlefield\Male\contact__controlled 0.ogg","recording_required","","",""
"P1","contact","controlled","2","Female","pool","I see them!","Voice\Battlefield\Female\contact__controlled 1.ogg","recording_required","","",""
"P1","contact","controlled","2","Male","pool","I see them!","Voice\Battlefield\Male\contact__controlled 1.ogg","recording_required","","",""
"P1","contact","controlled","3","Female","pool","Contact front!","Voice\Battlefield\Female\contact__controlled 2.ogg","recording_required","","",""
"P1","contact","controlled","3","Male","pool","Contact front!","Voice\Battlefield\Male\contact__controlled 2.ogg","recording_required","","",""
"P1","contact","controlled","4","Female","pool","Movement ahead!","Voice\Battlefield\Female\contact__controlled 3.ogg","recording_required","","",""
"P1","contact","controlled","4","Male","pool","Movement ahead!","Voice\Battlefield\Male\contact__controlled 3.ogg","recording_required","","",""
"P1","contact","controlled","5","Female","pool","Eyes on enemy!","Voice\Battlefield\Female\contact__controlled 4.ogg","recording_required","","",""
"P1","contact","controlled","5","Male","pool","Eyes on enemy!","Voice\Battlefield\Male\contact__controlled 4.ogg","recording_required","","",""
"P1","contact","controlled","6","Female","pool","Contact, twelve o'clock!","Voice\Battlefield\Female\contact__controlled 5.ogg","recording_required","","",""
"P1","contact","controlled","6","Male","pool","Contact, twelve o'clock!","Voice\Battlefield\Male\contact__controlled 5.ogg","recording_required","","",""
"P1","contact","controlled","7","Female","pool","Target in sight!","Voice\Battlefield\Female\contact__controlled 6.ogg","recording_required","","",""
"P1","contact","controlled","7","Male","pool","Target in sight!","Voice\Battlefield\Male\contact__controlled 6.ogg","recording_required","","",""
"P1","contact","controlled","8","Female","pool","We've got contact!","Voice\Battlefield\Female\contact__controlled 7.ogg","recording_required","","",""
"P1","contact","controlled","8","Male","pool","We've got contact!","Voice\Battlefield\Male\contact__controlled 7.ogg","recording_required","","",""
"P1","contact","controlled","9","Female","pool","Hostiles spotted!","Voice\Battlefield\Female\contact__controlled 8.ogg","recording_required","","",""
"P1","contact","controlled","9","Male","pool","Hostiles spotted!","Voice\Battlefield\Male\contact__controlled 8.ogg","recording_required","","",""
"P1","heavy_weapon","controlled","0","Female","pool","Launcher!","Voice\Battlefield\Female\heavy_weapon__controlled.ogg","recording_required","","",""
"P1","heavy_weapon","controlled","0","Male","pool","Launcher!","Voice\Battlefield\Male\heavy_weapon__controlled.ogg","recording_required","","",""
"P1","heavy_weapon","controlled","1","Female","pool","Heavy weapon!","Voice\Battlefield\Female\heavy_weapon__controlled 0.ogg","recording_required","","",""
"P1","heavy_weapon","controlled","1","Male","pool","Heavy weapon!","Voice\Battlefield\Male\heavy_weapon__controlled 0.ogg","recording_required","","",""
"P1","heavy_weapon","controlled","2","Female","pool","RPG!","Voice\Battlefield\Female\heavy_weapon__controlled 1.ogg","reuse_seed","Female\war_rpg.ogg","Kenney Voiceover Pack","CC0 1.0"
"P1","heavy_weapon","controlled","2","Male","pool","RPG!","Voice\Battlefield\Male\heavy_weapon__controlled 1.ogg","reuse_seed","Male\war_rpg.ogg","Kenney Voiceover Pack","CC0 1.0"
"P1","heavy_weapon","controlled","3","Female","pool","Fire the launcher!","Voice\Battlefield\Female\heavy_weapon__controlled 2.ogg","recording_required","","",""
"P1","heavy_weapon","controlled","3","Male","pool","Fire the launcher!","Voice\Battlefield\Male\heavy_weapon__controlled 2.ogg","recording_required","","",""
"P1","heavy_weapon","controlled","4","Female","pool","Rocket, down!","Voice\Battlefield\Female\heavy_weapon__controlled 3.ogg","recording_required","","",""
"P1","heavy_weapon","controlled","4","Male","pool","Rocket, down!","Voice\Battlefield\Male\heavy_weapon__controlled 3.ogg","recording_required","","",""
"P1","heavy_weapon","controlled","5","Female","pool","Heavy shot!","Voice\Battlefield\Female\heavy_weapon__controlled 4.ogg","recording_required","","",""
"P1","heavy_weapon","controlled","5","Male","pool","Heavy shot!","Voice\Battlefield\Male\heavy_weapon__controlled 4.ogg","recording_required","","",""
"P1","heavy_weapon","controlled","6","Female","pool","Watch the launcher!","Voice\Battlefield\Female\heavy_weapon__controlled 5.ogg","recording_required","","",""
"P1","heavy_weapon","controlled","6","Male","pool","Watch the launcher!","Voice\Battlefield\Male\heavy_weapon__controlled 5.ogg","recording_required","","",""
"P1","heavy_weapon","controlled","7","Female","pool","Clear the backblast!","Voice\Battlefield\Female\heavy_weapon__controlled 6.ogg","recording_required","","",""
"P1","heavy_weapon","controlled","7","Male","pool","Clear the backblast!","Voice\Battlefield\Male\heavy_weapon__controlled 6.ogg","recording_required","","",""
"P1","heavy_weapon","controlled","8","Female","pool","Rocket out!","Voice\Battlefield\Female\heavy_weapon__controlled 7.ogg","recording_required","","",""
"P1","heavy_weapon","controlled","8","Male","pool","Rocket out!","Voice\Battlefield\Male\heavy_weapon__controlled 7.ogg","recording_required","","",""
"P1","heavy_weapon","controlled","9","Female","pool","Heavy weapon firing!","Voice\Battlefield\Female\heavy_weapon__controlled 8.ogg","recording_required","","",""
"P1","heavy_weapon","controlled","9","Male","pool","Heavy weapon firing!","Voice\Battlefield\Male\heavy_weapon__controlled 8.ogg","recording_required","","",""
"P1","reload","controlled","0","Female","pool","Reloading!","Voice\Battlefield\Female\reload__controlled.ogg","reuse_seed","Female\war_reloading.ogg","Kenney Voiceover Pack","CC0 1.0"
"P1","reload","controlled","0","Male","pool","Reloading!","Voice\Battlefield\Male\reload__controlled.ogg","reuse_seed","Male\war_reloading.ogg","Kenney Voiceover Pack","CC0 1.0"
"P1","reload","controlled","1","Female","pool","Cover me, reloading!","Voice\Battlefield\Female\reload__controlled 0.ogg","recording_required","","",""
"P1","reload","controlled","1","Male","pool","Cover me, reloading!","Voice\Battlefield\Male\reload__controlled 0.ogg","recording_required","","",""
"P1","reload","controlled","2","Female","pool","Changing magazine!","Voice\Battlefield\Female\reload__controlled 1.ogg","recording_required","","",""
"P1","reload","controlled","2","Male","pool","Changing magazine!","Voice\Battlefield\Male\reload__controlled 1.ogg","recording_required","","",""
"P1","reload","controlled","3","Female","pool","Reload!","Voice\Battlefield\Female\reload__controlled 2.ogg","recording_required","","",""
"P1","reload","controlled","3","Male","pool","Reload!","Voice\Battlefield\Male\reload__controlled 2.ogg","recording_required","","",""
"P1","reload","controlled","4","Female","pool","I'm reloading!","Voice\Battlefield\Female\reload__controlled 3.ogg","recording_required","","",""
"P1","reload","controlled","4","Male","pool","I'm reloading!","Voice\Battlefield\Male\reload__controlled 3.ogg","recording_required","","",""
"P1","reload","controlled","5","Female","pool","Cover while I reload!","Voice\Battlefield\Female\reload__controlled 4.ogg","recording_required","","",""
"P1","reload","controlled","5","Male","pool","Cover while I reload!","Voice\Battlefield\Male\reload__controlled 4.ogg","recording_required","","",""
"P1","reload","controlled","6","Female","pool","New mag!","Voice\Battlefield\Female\reload__controlled 5.ogg","recording_required","","",""
"P1","reload","controlled","6","Male","pool","New mag!","Voice\Battlefield\Male\reload__controlled 5.ogg","recording_required","","",""
"P1","reload","controlled","7","Female","pool","One second, reloading!","Voice\Battlefield\Female\reload__controlled 6.ogg","recording_required","","",""
"P1","reload","controlled","7","Male","pool","One second, reloading!","Voice\Battlefield\Male\reload__controlled 6.ogg","recording_required","","",""
"P1","reload","controlled","8","Female","pool","Watch me, reloading!","Voice\Battlefield\Female\reload__controlled 7.ogg","recording_required","","",""
"P1","reload","controlled","8","Male","pool","Watch me, reloading!","Voice\Battlefield\Male\reload__controlled 7.ogg","recording_required","","",""
"P1","reload","controlled","9","Female","pool","Weapon empty, reloading!","Voice\Battlefield\Female\reload__controlled 8.ogg","recording_required","","",""
"P1","reload","controlled","9","Male","pool","Weapon empty, reloading!","Voice\Battlefield\Male\reload__controlled 8.ogg","recording_required","","",""
"P1","smoke","controlled","0","Female","pool","Smoke out!","Voice\Battlefield\Female\smoke__controlled.ogg","recording_required","","",""
"P1","smoke","controlled","0","Male","pool","Smoke out!","Voice\Battlefield\Male\smoke__controlled.ogg","recording_required","","",""
"P1","smoke","controlled","1","Female","pool","Smoke that position!","Voice\Battlefield\Female\smoke__controlled 0.ogg","recording_required","","",""
"P1","smoke","controlled","1","Male","pool","Smoke that position!","Voice\Battlefield\Male\smoke__controlled 0.ogg","recording_required","","",""
"P1","smoke","controlled","2","Female","pool","Put smoke down!","Voice\Battlefield\Female\smoke__controlled 1.ogg","recording_required","","",""
"P1","smoke","controlled","2","Male","pool","Put smoke down!","Voice\Battlefield\Male\smoke__controlled 1.ogg","recording_required","","",""
"P1","smoke","controlled","3","Female","pool","Smoke, move!","Voice\Battlefield\Female\smoke__controlled 2.ogg","recording_required","","",""
"P1","smoke","controlled","3","Male","pool","Smoke, move!","Voice\Battlefield\Male\smoke__controlled 2.ogg","recording_required","","",""
"P1","smoke","controlled","4","Female","pool","Cover them with smoke!","Voice\Battlefield\Female\smoke__controlled 3.ogg","recording_required","","",""
"P1","smoke","controlled","4","Male","pool","Cover them with smoke!","Voice\Battlefield\Male\smoke__controlled 3.ogg","recording_required","","",""
"P1","smoke","controlled","5","Female","pool","Screen that area!","Voice\Battlefield\Female\smoke__controlled 4.ogg","recording_required","","",""
"P1","smoke","controlled","5","Male","pool","Screen that area!","Voice\Battlefield\Male\smoke__controlled 4.ogg","recording_required","","",""
"P1","smoke","controlled","6","Female","pool","Smoke the approach!","Voice\Battlefield\Female\smoke__controlled 5.ogg","recording_required","","",""
"P1","smoke","controlled","6","Male","pool","Smoke the approach!","Voice\Battlefield\Male\smoke__controlled 5.ogg","recording_required","","",""
"P1","smoke","controlled","7","Female","pool","Get smoke in there!","Voice\Battlefield\Female\smoke__controlled 6.ogg","recording_required","","",""
"P1","smoke","controlled","7","Male","pool","Get smoke in there!","Voice\Battlefield\Male\smoke__controlled 6.ogg","recording_required","","",""
"P1","smoke","controlled","8","Female","pool","Smoke between us!","Voice\Battlefield\Female\smoke__controlled 7.ogg","recording_required","","",""
"P1","smoke","controlled","8","Male","pool","Smoke between us!","Voice\Battlefield\Male\smoke__controlled 7.ogg","recording_required","","",""
"P1","smoke","controlled","9","Female","pool","Use the smoke!","Voice\Battlefield\Female\smoke__controlled 8.ogg","recording_required","","",""
"P1","smoke","controlled","9","Male","pool","Use the smoke!","Voice\Battlefield\Male\smoke__controlled 8.ogg","recording_required","","",""
"P1","suppress","angry","0","Female","emotional_override","Keep their heads down!","Voice\Battlefield\Female\suppress__angry.ogg","recording_required","","",""
"P1","suppress","angry","0","Male","emotional_override","Keep their heads down!","Voice\Battlefield\Male\suppress__angry.ogg","recording_required","","",""
"P1","suppress","controlled","0","Female","pool","Suppressing fire!","Voice\Battlefield\Female\suppress__controlled.ogg","reuse_seed","Female\war_supressing_fire.ogg","Kenney Voiceover Pack","CC0 1.0"
"P1","suppress","controlled","0","Male","pool","Suppressing fire!","Voice\Battlefield\Male\suppress__controlled.ogg","reuse_seed","Male\war_suppressing_fire.ogg","Kenney Voiceover Pack","CC0 1.0"
"P1","suppress","controlled","1","Female","pool","Keep their heads down!","Voice\Battlefield\Female\suppress__controlled 0.ogg","recording_required","","",""
"P1","suppress","controlled","1","Male","pool","Keep their heads down!","Voice\Battlefield\Male\suppress__controlled 0.ogg","recording_required","","",""
"P1","suppress","controlled","2","Female","pool","Pin them!","Voice\Battlefield\Female\suppress__controlled 1.ogg","recording_required","","",""
"P1","suppress","controlled","2","Male","pool","Pin them!","Voice\Battlefield\Male\suppress__controlled 1.ogg","recording_required","","",""
"P1","suppress","controlled","3","Female","pool","Covering fire!","Voice\Battlefield\Female\suppress__controlled 2.ogg","recording_required","","",""
"P1","suppress","controlled","3","Male","pool","Covering fire!","Voice\Battlefield\Male\suppress__controlled 2.ogg","recording_required","","",""
"P1","suppress","controlled","4","Female","pool","Pour it on!","Voice\Battlefield\Female\suppress__controlled 3.ogg","recording_required","","",""
"P1","suppress","controlled","4","Male","pool","Pour it on!","Voice\Battlefield\Male\suppress__controlled 3.ogg","recording_required","","",""
"P1","suppress","controlled","5","Female","pool","Hold them down!","Voice\Battlefield\Female\suppress__controlled 4.ogg","recording_required","","",""
"P1","suppress","controlled","5","Male","pool","Hold them down!","Voice\Battlefield\Male\suppress__controlled 4.ogg","recording_required","","",""
"P1","suppress","controlled","6","Female","pool","Suppress that position!","Voice\Battlefield\Female\suppress__controlled 5.ogg","recording_required","","",""
"P1","suppress","controlled","6","Male","pool","Suppress that position!","Voice\Battlefield\Male\suppress__controlled 5.ogg","recording_required","","",""
"P1","suppress","controlled","7","Female","pool","Fire on their cover!","Voice\Battlefield\Female\suppress__controlled 6.ogg","recording_required","","",""
"P1","suppress","controlled","7","Male","pool","Fire on their cover!","Voice\Battlefield\Male\suppress__controlled 6.ogg","recording_required","","",""
"P1","suppress","controlled","8","Female","pool","Don't let them move!","Voice\Battlefield\Female\suppress__controlled 7.ogg","recording_required","","",""
"P1","suppress","controlled","8","Male","pool","Don't let them move!","Voice\Battlefield\Male\suppress__controlled 7.ogg","recording_required","","",""
"P1","suppress","controlled","9","Female","pool","Keep firing!","Voice\Battlefield\Female\suppress__controlled 8.ogg","recording_required","","",""
"P1","suppress","controlled","9","Male","pool","Keep firing!","Voice\Battlefield\Male\suppress__controlled 8.ogg","recording_required","","",""
"P1","target_down","angry","0","Female","emotional_override","Got one!","Voice\Battlefield\Female\target_down__angry.ogg","recording_required","","",""
"P1","target_down","angry","0","Male","emotional_override","Got one!","Voice\Battlefield\Male\target_down__angry.ogg","recording_required","","",""
"P1","target_down","controlled","0","Female","pool","Target down!","Voice\Battlefield\Female\target_down__controlled.ogg","recording_required","","",""
"P1","target_down","controlled","0","Male","pool","Target down!","Voice\Battlefield\Male\target_down__controlled.ogg","recording_required","","",""
"P1","target_down","controlled","1","Female","pool","He's down!","Voice\Battlefield\Female\target_down__controlled 0.ogg","recording_required","","",""
"P1","target_down","controlled","1","Male","pool","He's down!","Voice\Battlefield\Male\target_down__controlled 0.ogg","recording_required","","",""
"P1","target_down","controlled","2","Female","pool","One less!","Voice\Battlefield\Female\target_down__controlled 1.ogg","recording_required","","",""
"P1","target_down","controlled","2","Male","pool","One less!","Voice\Battlefield\Male\target_down__controlled 1.ogg","recording_required","","",""
"P1","target_down","controlled","3","Female","pool","Enemy down!","Voice\Battlefield\Female\target_down__controlled 2.ogg","recording_required","","",""
"P1","target_down","controlled","3","Male","pool","Enemy down!","Voice\Battlefield\Male\target_down__controlled 2.ogg","recording_required","","",""
"P1","target_down","controlled","4","Female","pool","One down!","Voice\Battlefield\Female\target_down__controlled 3.ogg","recording_required","","",""
"P1","target_down","controlled","4","Male","pool","One down!","Voice\Battlefield\Male\target_down__controlled 3.ogg","recording_required","","",""
"P1","target_down","controlled","5","Female","pool","Got him!","Voice\Battlefield\Female\target_down__controlled 4.ogg","recording_required","","",""
"P1","target_down","controlled","5","Male","pool","Got him!","Voice\Battlefield\Male\target_down__controlled 4.ogg","recording_required","","",""
"P1","target_down","controlled","6","Female","pool","Target out!","Voice\Battlefield\Female\target_down__controlled 5.ogg","recording_required","","",""
"P1","target_down","controlled","6","Male","pool","Target out!","Voice\Battlefield\Male\target_down__controlled 5.ogg","recording_required","","",""
"P1","target_down","controlled","7","Female","pool","He's out!","Voice\Battlefield\Female\target_down__controlled 6.ogg","recording_required","","",""
"P1","target_down","controlled","7","Male","pool","He's out!","Voice\Battlefield\Male\target_down__controlled 6.ogg","recording_required","","",""
"P1","target_down","controlled","8","Female","pool","That one dropped!","Voice\Battlefield\Female\target_down__controlled 7.ogg","recording_required","","",""
"P1","target_down","controlled","8","Male","pool","That one dropped!","Voice\Battlefield\Male\target_down__controlled 7.ogg","recording_required","","",""
"P1","target_down","controlled","9","Female","pool","Hostile down!","Voice\Battlefield\Female\target_down__controlled 8.ogg","recording_required","","",""
"P1","target_down","controlled","9","Male","pool","Hostile down!","Voice\Battlefield\Male\target_down__controlled 8.ogg","recording_required","","",""
"P1","vehicle","controlled","0","Female","pool","Vehicle!","Voice\Battlefield\Female\vehicle__controlled.ogg","recording_required","","",""
"P1","vehicle","controlled","0","Male","pool","Vehicle!","Voice\Battlefield\Male\vehicle__controlled.ogg","recording_required","","",""
"P1","vehicle","controlled","1","Female","pool","Armored vehicle!","Voice\Battlefield\Female\vehicle__controlled 0.ogg","recording_required","","",""
"P1","vehicle","controlled","1","Male","pool","Armored vehicle!","Voice\Battlefield\Male\vehicle__controlled 0.ogg","recording_required","","",""
"P1","vehicle","controlled","2","Female","pool","Tank!","Voice\Battlefield\Female\vehicle__controlled 1.ogg","recording_required","","",""
"P1","vehicle","controlled","2","Male","pool","Tank!","Voice\Battlefield\Male\vehicle__controlled 1.ogg","recording_required","","",""
"P1","vehicle","controlled","3","Female","pool","Tank, take cover!","Voice\Battlefield\Female\vehicle__controlled 2.ogg","recording_required","","",""
"P1","vehicle","controlled","3","Male","pool","Tank, take cover!","Voice\Battlefield\Male\vehicle__controlled 2.ogg","recording_required","","",""
"P1","vehicle","controlled","4","Female","pool","Armor front!","Voice\Battlefield\Female\vehicle__controlled 3.ogg","recording_required","","",""
"P1","vehicle","controlled","4","Male","pool","Armor front!","Voice\Battlefield\Male\vehicle__controlled 3.ogg","recording_required","","",""
"P1","vehicle","controlled","5","Female","pool","Watch the vehicle!","Voice\Battlefield\Female\vehicle__controlled 4.ogg","recording_required","","",""
"P1","vehicle","controlled","5","Male","pool","Watch the vehicle!","Voice\Battlefield\Male\vehicle__controlled 4.ogg","recording_required","","",""
"P1","vehicle","controlled","6","Female","pool","Heavy vehicle!","Voice\Battlefield\Female\vehicle__controlled 5.ogg","recording_required","","",""
"P1","vehicle","controlled","6","Male","pool","Heavy vehicle!","Voice\Battlefield\Male\vehicle__controlled 5.ogg","recording_required","","",""
"P1","vehicle","controlled","7","Female","pool","Tank in sight!","Voice\Battlefield\Female\vehicle__controlled 6.ogg","recording_required","","",""
"P1","vehicle","controlled","7","Male","pool","Tank in sight!","Voice\Battlefield\Male\vehicle__controlled 6.ogg","recording_required","","",""
"P1","vehicle","controlled","8","Female","pool","Armor, get down!","Voice\Battlefield\Female\vehicle__controlled 7.ogg","recording_required","","",""
"P1","vehicle","controlled","8","Male","pool","Armor, get down!","Voice\Battlefield\Male\vehicle__controlled 7.ogg","recording_required","","",""
"P1","vehicle","controlled","9","Female","pool","Vehicle contact!","Voice\Battlefield\Female\vehicle__controlled 8.ogg","recording_required","","",""
"P1","vehicle","controlled","9","Male","pool","Vehicle contact!","Voice\Battlefield\Male\vehicle__controlled 8.ogg","recording_required","","",""
"P2","advance","controlled","0","Female","pool","Move up!","Voice\Battlefield\Female\advance__controlled.ogg","recording_required","","",""
"P2","advance","controlled","0","Male","pool","Move up!","Voice\Battlefield\Male\advance__controlled.ogg","recording_required","","",""
"P2","advance","controlled","1","Female","pool","Forward!","Voice\Battlefield\Female\advance__controlled 0.ogg","recording_required","","",""
"P2","advance","controlled","1","Male","pool","Forward!","Voice\Battlefield\Male\advance__controlled 0.ogg","recording_required","","",""
"P2","advance","controlled","2","Female","pool","Push!","Voice\Battlefield\Female\advance__controlled 1.ogg","recording_required","","",""
"P2","advance","controlled","2","Male","pool","Push!","Voice\Battlefield\Male\advance__controlled 1.ogg","recording_required","","",""
"P2","advance","controlled","3","Female","pool","Keep moving!","Voice\Battlefield\Female\advance__controlled 2.ogg","recording_required","","",""
"P2","advance","controlled","3","Male","pool","Keep moving!","Voice\Battlefield\Male\advance__controlled 2.ogg","recording_required","","",""
"P2","advance","controlled","4","Female","pool","Advance!","Voice\Battlefield\Female\advance__controlled 3.ogg","recording_required","","",""
"P2","advance","controlled","4","Male","pool","Advance!","Voice\Battlefield\Male\advance__controlled 3.ogg","recording_required","","",""
"P2","advance","controlled","5","Female","pool","Close the distance!","Voice\Battlefield\Female\advance__controlled 4.ogg","recording_required","","",""
"P2","advance","controlled","5","Male","pool","Close the distance!","Voice\Battlefield\Male\advance__controlled 4.ogg","recording_required","","",""
"P2","advance","controlled","6","Female","pool","Go, go!","Voice\Battlefield\Female\advance__controlled 5.ogg","recording_required","","",""
"P2","advance","controlled","6","Male","pool","Go, go!","Voice\Battlefield\Male\advance__controlled 5.ogg","recording_required","","",""
"P2","advance","controlled","7","Female","pool","Keep the pressure on!","Voice\Battlefield\Female\advance__controlled 6.ogg","recording_required","","",""
"P2","advance","controlled","7","Male","pool","Keep the pressure on!","Voice\Battlefield\Male\advance__controlled 6.ogg","recording_required","","",""
"P2","advance","controlled","8","Female","pool","Up and move!","Voice\Battlefield\Female\advance__controlled 7.ogg","recording_required","","",""
"P2","advance","controlled","8","Male","pool","Up and move!","Voice\Battlefield\Male\advance__controlled 7.ogg","recording_required","","",""
"P2","advance","controlled","9","Female","pool","Push forward!","Voice\Battlefield\Female\advance__controlled 8.ogg","recording_required","","",""
"P2","advance","controlled","9","Male","pool","Push forward!","Voice\Battlefield\Male\advance__controlled 8.ogg","recording_required","","",""
"P2","flank_left","controlled","0","Female","pool","Flank left!","Voice\Battlefield\Female\flank_left__controlled.ogg","recording_required","","",""
"P2","flank_left","controlled","0","Male","pool","Flank left!","Voice\Battlefield\Male\flank_left__controlled.ogg","recording_required","","",""
"P2","flank_left","controlled","1","Female","pool","Move left!","Voice\Battlefield\Female\flank_left__controlled 0.ogg","recording_required","","",""
"P2","flank_left","controlled","1","Male","pool","Move left!","Voice\Battlefield\Male\flank_left__controlled 0.ogg","recording_required","","",""
"P2","flank_left","controlled","2","Female","pool","Get around them on the left!","Voice\Battlefield\Female\flank_left__controlled 1.ogg","recording_required","","",""
"P2","flank_left","controlled","2","Male","pool","Get around them on the left!","Voice\Battlefield\Male\flank_left__controlled 1.ogg","recording_required","","",""
"P2","flank_left","controlled","3","Female","pool","Left side, move!","Voice\Battlefield\Female\flank_left__controlled 2.ogg","recording_required","","",""
"P2","flank_left","controlled","3","Male","pool","Left side, move!","Voice\Battlefield\Male\flank_left__controlled 2.ogg","recording_required","","",""
"P2","flank_left","controlled","4","Female","pool","Work the left!","Voice\Battlefield\Female\flank_left__controlled 3.ogg","recording_required","","",""
"P2","flank_left","controlled","4","Male","pool","Work the left!","Voice\Battlefield\Male\flank_left__controlled 3.ogg","recording_required","","",""
"P2","flank_left","controlled","5","Female","pool","Push their left flank!","Voice\Battlefield\Female\flank_left__controlled 4.ogg","recording_required","","",""
"P2","flank_left","controlled","5","Male","pool","Push their left flank!","Voice\Battlefield\Male\flank_left__controlled 4.ogg","recording_required","","",""
"P2","flank_left","controlled","6","Female","pool","Go around left!","Voice\Battlefield\Female\flank_left__controlled 5.ogg","recording_required","","",""
"P2","flank_left","controlled","6","Male","pool","Go around left!","Voice\Battlefield\Male\flank_left__controlled 5.ogg","recording_required","","",""
"P2","flank_left","controlled","7","Female","pool","Take the left!","Voice\Battlefield\Female\flank_left__controlled 6.ogg","recording_required","","",""
"P2","flank_left","controlled","7","Male","pool","Take the left!","Voice\Battlefield\Male\flank_left__controlled 6.ogg","recording_required","","",""
"P2","flank_left","controlled","8","Female","pool","Left flank, now!","Voice\Battlefield\Female\flank_left__controlled 7.ogg","recording_required","","",""
"P2","flank_left","controlled","8","Male","pool","Left flank, now!","Voice\Battlefield\Male\flank_left__controlled 7.ogg","recording_required","","",""
"P2","flank_left","controlled","9","Female","pool","Swing left!","Voice\Battlefield\Female\flank_left__controlled 8.ogg","recording_required","","",""
"P2","flank_left","controlled","9","Male","pool","Swing left!","Voice\Battlefield\Male\flank_left__controlled 8.ogg","recording_required","","",""
"P2","flank_right","controlled","0","Female","pool","Flank right!","Voice\Battlefield\Female\flank_right__controlled.ogg","recording_required","","",""
"P2","flank_right","controlled","0","Male","pool","Flank right!","Voice\Battlefield\Male\flank_right__controlled.ogg","recording_required","","",""
"P2","flank_right","controlled","1","Female","pool","Move right!","Voice\Battlefield\Female\flank_right__controlled 0.ogg","recording_required","","",""
"P2","flank_right","controlled","1","Male","pool","Move right!","Voice\Battlefield\Male\flank_right__controlled 0.ogg","recording_required","","",""
"P2","flank_right","controlled","2","Female","pool","Get around them on the right!","Voice\Battlefield\Female\flank_right__controlled 1.ogg","recording_required","","",""
"P2","flank_right","controlled","2","Male","pool","Get around them on the right!","Voice\Battlefield\Male\flank_right__controlled 1.ogg","recording_required","","",""
"P2","flank_right","controlled","3","Female","pool","Right side, move!","Voice\Battlefield\Female\flank_right__controlled 2.ogg","recording_required","","",""
"P2","flank_right","controlled","3","Male","pool","Right side, move!","Voice\Battlefield\Male\flank_right__controlled 2.ogg","recording_required","","",""
"P2","flank_right","controlled","4","Female","pool","Work the right!","Voice\Battlefield\Female\flank_right__controlled 3.ogg","recording_required","","",""
"P2","flank_right","controlled","4","Male","pool","Work the right!","Voice\Battlefield\Male\flank_right__controlled 3.ogg","recording_required","","",""
"P2","flank_right","controlled","5","Female","pool","Push their right flank!","Voice\Battlefield\Female\flank_right__controlled 4.ogg","recording_required","","",""
"P2","flank_right","controlled","5","Male","pool","Push their right flank!","Voice\Battlefield\Male\flank_right__controlled 4.ogg","recording_required","","",""
"P2","flank_right","controlled","6","Female","pool","Go around right!","Voice\Battlefield\Female\flank_right__controlled 5.ogg","recording_required","","",""
"P2","flank_right","controlled","6","Male","pool","Go around right!","Voice\Battlefield\Male\flank_right__controlled 5.ogg","recording_required","","",""
"P2","flank_right","controlled","7","Female","pool","Take the right!","Voice\Battlefield\Female\flank_right__controlled 6.ogg","recording_required","","",""
"P2","flank_right","controlled","7","Male","pool","Take the right!","Voice\Battlefield\Male\flank_right__controlled 6.ogg","recording_required","","",""
"P2","flank_right","controlled","8","Female","pool","Right flank, now!","Voice\Battlefield\Female\flank_right__controlled 7.ogg","recording_required","","",""
"P2","flank_right","controlled","8","Male","pool","Right flank, now!","Voice\Battlefield\Male\flank_right__controlled 7.ogg","recording_required","","",""
"P2","flank_right","controlled","9","Female","pool","Swing right!","Voice\Battlefield\Female\flank_right__controlled 8.ogg","recording_required","","",""
"P2","flank_right","controlled","9","Male","pool","Swing right!","Voice\Battlefield\Male\flank_right__controlled 8.ogg","recording_required","","",""
"P2","hold","controlled","0","Female","pool","Hold!","Voice\Battlefield\Female\hold__controlled.ogg","reuse_seed","Female\war_hold.ogg","Kenney Voiceover Pack","CC0 1.0"
"P2","hold","controlled","0","Male","pool","Hold!","Voice\Battlefield\Male\hold__controlled.ogg","reuse_seed","Male\hold.ogg","Kenney Voiceover Pack","CC0 1.0"
"P2","hold","controlled","1","Female","pool","Hold here!","Voice\Battlefield\Female\hold__controlled 0.ogg","recording_required","","",""
"P2","hold","controlled","1","Male","pool","Hold here!","Voice\Battlefield\Male\hold__controlled 0.ogg","recording_required","","",""
"P2","hold","controlled","2","Female","pool","Stay put!","Voice\Battlefield\Female\hold__controlled 1.ogg","recording_required","","",""
"P2","hold","controlled","2","Male","pool","Stay put!","Voice\Battlefield\Male\hold__controlled 1.ogg","recording_required","","",""
"P2","hold","controlled","3","Female","pool","Hold this position!","Voice\Battlefield\Female\hold__controlled 2.ogg","recording_required","","",""
"P2","hold","controlled","3","Male","pool","Hold this position!","Voice\Battlefield\Male\hold__controlled 2.ogg","recording_required","","",""
"P2","hold","controlled","4","Female","pool","Hold the line!","Voice\Battlefield\Female\hold__controlled 3.ogg","recording_required","","",""
"P2","hold","controlled","4","Male","pool","Hold the line!","Voice\Battlefield\Male\hold__controlled 3.ogg","recording_required","","",""
"P2","hold","controlled","5","Female","pool","Don't move yet!","Voice\Battlefield\Female\hold__controlled 4.ogg","recording_required","","",""
"P2","hold","controlled","5","Male","pool","Don't move yet!","Voice\Battlefield\Male\hold__controlled 4.ogg","recording_required","","",""
"P2","hold","controlled","6","Female","pool","Stand by!","Voice\Battlefield\Female\hold__controlled 5.ogg","recording_required","","",""
"P2","hold","controlled","6","Male","pool","Stand by!","Voice\Battlefield\Male\hold__controlled 5.ogg","recording_required","","",""
"P2","hold","controlled","7","Female","pool","Wait!","Voice\Battlefield\Female\hold__controlled 6.ogg","recording_required","","",""
"P2","hold","controlled","7","Male","pool","Wait!","Voice\Battlefield\Male\hold__controlled 6.ogg","recording_required","","",""
"P2","hold","controlled","8","Female","pool","Maintain position!","Voice\Battlefield\Female\hold__controlled 7.ogg","recording_required","","",""
"P2","hold","controlled","8","Male","pool","Maintain position!","Voice\Battlefield\Male\hold__controlled 7.ogg","recording_required","","",""
"P2","hold","controlled","9","Female","pool","Don't give ground!","Voice\Battlefield\Female\hold__controlled 8.ogg","recording_required","","",""
"P2","hold","controlled","9","Male","pool","Don't give ground!","Voice\Battlefield\Male\hold__controlled 8.ogg","recording_required","","",""
"P2","rally","controlled","0","Female","pool","Stay with me!","Voice\Battlefield\Female\rally__controlled.ogg","recording_required","","",""
"P2","rally","controlled","0","Male","pool","Stay with me!","Voice\Battlefield\Male\rally__controlled.ogg","recording_required","","",""
"P2","rally","controlled","1","Female","pool","Keep it together!","Voice\Battlefield\Female\rally__controlled 0.ogg","recording_required","","",""
"P2","rally","controlled","1","Male","pool","Keep it together!","Voice\Battlefield\Male\rally__controlled 0.ogg","recording_required","","",""
"P2","rally","controlled","2","Female","pool","Back in the fight!","Voice\Battlefield\Female\rally__controlled 1.ogg","recording_required","","",""
"P2","rally","controlled","2","Male","pool","Back in the fight!","Voice\Battlefield\Male\rally__controlled 1.ogg","recording_required","","",""
"P2","rally","controlled","3","Female","pool","Move, you're okay!","Voice\Battlefield\Female\rally__controlled 2.ogg","recording_required","","",""
"P2","rally","controlled","3","Male","pool","Move, you're okay!","Voice\Battlefield\Male\rally__controlled 2.ogg","recording_required","","",""
"P2","rally","controlled","4","Female","pool","On your feet!","Voice\Battlefield\Female\rally__controlled 3.ogg","recording_required","","",""
"P2","rally","controlled","4","Male","pool","On your feet!","Voice\Battlefield\Male\rally__controlled 3.ogg","recording_required","","",""
"P2","rally","controlled","5","Female","pool","Come on, move!","Voice\Battlefield\Female\rally__controlled 4.ogg","recording_required","","",""
"P2","rally","controlled","5","Male","pool","Come on, move!","Voice\Battlefield\Male\rally__controlled 4.ogg","recording_required","","",""
"P2","rally","controlled","6","Female","pool","Hold it together!","Voice\Battlefield\Female\rally__controlled 5.ogg","recording_required","","",""
"P2","rally","controlled","6","Male","pool","Hold it together!","Voice\Battlefield\Male\rally__controlled 5.ogg","recording_required","","",""
"P2","rally","controlled","7","Female","pool","We can still fight!","Voice\Battlefield\Female\rally__controlled 6.ogg","recording_required","","",""
"P2","rally","controlled","7","Male","pool","We can still fight!","Voice\Battlefield\Male\rally__controlled 6.ogg","recording_required","","",""
"P2","rally","controlled","8","Female","pool","Stay sharp!","Voice\Battlefield\Female\rally__controlled 7.ogg","recording_required","","",""
"P2","rally","controlled","8","Male","pool","Stay sharp!","Voice\Battlefield\Male\rally__controlled 7.ogg","recording_required","","",""
"P2","rally","controlled","9","Female","pool","Keep moving!","Voice\Battlefield\Female\rally__controlled 8.ogg","recording_required","","",""
"P2","rally","controlled","9","Male","pool","Keep moving!","Voice\Battlefield\Male\rally__controlled 8.ogg","recording_required","","",""
"P2","rally","distressed","0","Female","emotional_override","Stay with us!","Voice\Battlefield\Female\rally__distressed.ogg","recording_required","","",""
"P2","rally","distressed","0","Male","emotional_override","Stay with us!","Voice\Battlefield\Male\rally__distressed.ogg","recording_required","","",""
"P2","regroup","controlled","0","Female","pool","Regroup!","Voice\Battlefield\Female\regroup__controlled.ogg","recording_required","","",""
"P2","regroup","controlled","0","Male","pool","Regroup!","Voice\Battlefield\Male\regroup__controlled.ogg","recording_required","","",""
"P2","regroup","controlled","1","Female","pool","Get together!","Voice\Battlefield\Female\regroup__controlled 0.ogg","recording_required","","",""
"P2","regroup","controlled","1","Male","pool","Get together!","Voice\Battlefield\Male\regroup__controlled 0.ogg","recording_required","","",""
"P2","regroup","controlled","2","Female","pool","Stay together!","Voice\Battlefield\Female\regroup__controlled 1.ogg","recording_required","","",""
"P2","regroup","controlled","2","Male","pool","Stay together!","Voice\Battlefield\Male\regroup__controlled 1.ogg","recording_required","","",""
"P2","regroup","controlled","3","Female","pool","Back to the group!","Voice\Battlefield\Female\regroup__controlled 2.ogg","recording_required","","",""
"P2","regroup","controlled","3","Male","pool","Back to the group!","Voice\Battlefield\Male\regroup__controlled 2.ogg","recording_required","","",""
"P2","regroup","controlled","4","Female","pool","Close up!","Voice\Battlefield\Female\regroup__controlled 3.ogg","recording_required","","",""
"P2","regroup","controlled","4","Male","pool","Close up!","Voice\Battlefield\Male\regroup__controlled 3.ogg","recording_required","","",""
"P2","regroup","controlled","5","Female","pool","Don't get isolated!","Voice\Battlefield\Female\regroup__controlled 4.ogg","recording_required","","",""
"P2","regroup","controlled","5","Male","pool","Don't get isolated!","Voice\Battlefield\Male\regroup__controlled 4.ogg","recording_required","","",""
"P2","regroup","controlled","6","Female","pool","Form up!","Voice\Battlefield\Female\regroup__controlled 5.ogg","recording_required","","",""
"P2","regroup","controlled","6","Male","pool","Form up!","Voice\Battlefield\Male\regroup__controlled 5.ogg","recording_required","","",""
"P2","regroup","controlled","7","Female","pool","Everyone together!","Voice\Battlefield\Female\regroup__controlled 6.ogg","recording_required","","",""
"P2","regroup","controlled","7","Male","pool","Everyone together!","Voice\Battlefield\Male\regroup__controlled 6.ogg","recording_required","","",""
"P2","regroup","controlled","8","Female","pool","Rejoin the team!","Voice\Battlefield\Female\regroup__controlled 7.ogg","recording_required","","",""
"P2","regroup","controlled","8","Male","pool","Rejoin the team!","Voice\Battlefield\Male\regroup__controlled 7.ogg","recording_required","","",""
"P2","regroup","controlled","9","Female","pool","Stack back up!","Voice\Battlefield\Female\regroup__controlled 8.ogg","recording_required","","",""
"P2","regroup","controlled","9","Male","pool","Stack back up!","Voice\Battlefield\Male\regroup__controlled 8.ogg","recording_required","","",""
"P2","reinforce","controlled","0","Female","pool","Call the others!","Voice\Battlefield\Female\reinforce__controlled.ogg","recording_required","","",""
"P2","reinforce","controlled","0","Male","pool","Call the others!","Voice\Battlefield\Male\reinforce__controlled.ogg","recording_required","","",""
"P2","reinforce","controlled","1","Female","pool","Report it!","Voice\Battlefield\Female\reinforce__controlled 0.ogg","recording_required","","",""
"P2","reinforce","controlled","1","Male","pool","Report it!","Voice\Battlefield\Male\reinforce__controlled 0.ogg","recording_required","","",""
"P2","reinforce","controlled","2","Female","pool","Alert everyone!","Voice\Battlefield\Female\reinforce__controlled 1.ogg","recording_required","","",""
"P2","reinforce","controlled","2","Male","pool","Alert everyone!","Voice\Battlefield\Male\reinforce__controlled 1.ogg","recording_required","","",""
"P2","reinforce","controlled","3","Female","pool","Bring the others!","Voice\Battlefield\Female\reinforce__controlled 2.ogg","recording_required","","",""
"P2","reinforce","controlled","3","Male","pool","Bring the others!","Voice\Battlefield\Male\reinforce__controlled 2.ogg","recording_required","","",""
"P2","reinforce","controlled","4","Female","pool","Contact, call support!","Voice\Battlefield\Female\reinforce__controlled 3.ogg","recording_required","","",""
"P2","reinforce","controlled","4","Male","pool","Contact, call support!","Voice\Battlefield\Male\reinforce__controlled 3.ogg","recording_required","","",""
"P2","reinforce","controlled","5","Female","pool","Get on the radio!","Voice\Battlefield\Female\reinforce__controlled 4.ogg","recording_required","","",""
"P2","reinforce","controlled","5","Male","pool","Get on the radio!","Voice\Battlefield\Male\reinforce__controlled 4.ogg","recording_required","","",""
"P2","reinforce","controlled","6","Female","pool","Call the squad!","Voice\Battlefield\Female\reinforce__controlled 5.ogg","recording_required","","",""
"P2","reinforce","controlled","6","Male","pool","Call the squad!","Voice\Battlefield\Male\reinforce__controlled 5.ogg","recording_required","","",""
"P2","reinforce","controlled","7","Female","pool","We need support here!","Voice\Battlefield\Female\reinforce__controlled 6.ogg","recording_required","","",""
"P2","reinforce","controlled","7","Male","pool","We need support here!","Voice\Battlefield\Male\reinforce__controlled 6.ogg","recording_required","","",""
"P2","reinforce","controlled","8","Female","pool","Get reinforcements!","Voice\Battlefield\Female\reinforce__controlled 7.ogg","recording_required","","",""
"P2","reinforce","controlled","8","Male","pool","Get reinforcements!","Voice\Battlefield\Male\reinforce__controlled 7.ogg","recording_required","","",""
"P2","reinforce","controlled","9","Female","pool","Report contact!","Voice\Battlefield\Female\reinforce__controlled 8.ogg","recording_required","","",""
"P2","reinforce","controlled","9","Male","pool","Report contact!","Voice\Battlefield\Male\reinforce__controlled 8.ogg","recording_required","","",""
"P2","search","controlled","0","Female","pool","Check that noise!","Voice\Battlefield\Female\search__controlled.ogg","recording_required","","",""
"P2","search","controlled","0","Male","pool","Check that noise!","Voice\Battlefield\Male\search__controlled.ogg","recording_required","","",""
"P2","search","controlled","1","Female","pool","Search there!","Voice\Battlefield\Female\search__controlled 0.ogg","recording_required","","",""
"P2","search","controlled","1","Male","pool","Search there!","Voice\Battlefield\Male\search__controlled 0.ogg","recording_required","","",""
"P2","search","controlled","2","Female","pool","Look around!","Voice\Battlefield\Female\search__controlled 1.ogg","recording_required","","",""
"P2","search","controlled","2","Male","pool","Look around!","Voice\Battlefield\Male\search__controlled 1.ogg","recording_required","","",""
"P2","search","controlled","3","Female","pool","Go check it!","Voice\Battlefield\Female\search__controlled 2.ogg","recording_required","","",""
"P2","search","controlled","3","Male","pool","Go check it!","Voice\Battlefield\Male\search__controlled 2.ogg","recording_required","","",""
"P2","search","controlled","4","Female","pool","Something's there!","Voice\Battlefield\Female\search__controlled 3.ogg","recording_required","","",""
"P2","search","controlled","4","Male","pool","Something's there!","Voice\Battlefield\Male\search__controlled 3.ogg","recording_required","","",""
"P2","search","controlled","5","Female","pool","Watch that area!","Voice\Battlefield\Female\search__controlled 4.ogg","recording_required","","",""
"P2","search","controlled","5","Male","pool","Watch that area!","Voice\Battlefield\Male\search__controlled 4.ogg","recording_required","","",""
"P2","search","controlled","6","Female","pool","Search that position!","Voice\Battlefield\Female\search__controlled 5.ogg","recording_required","","",""
"P2","search","controlled","6","Male","pool","Search that position!","Voice\Battlefield\Male\search__controlled 5.ogg","recording_required","","",""
"P2","search","controlled","7","Female","pool","Check it out!","Voice\Battlefield\Female\search__controlled 6.ogg","recording_required","","",""
"P2","search","controlled","7","Male","pool","Check it out!","Voice\Battlefield\Male\search__controlled 6.ogg","recording_required","","",""
"P2","search","controlled","8","Female","pool","Eyes open!","Voice\Battlefield\Female\search__controlled 7.ogg","recording_required","","",""
"P2","search","controlled","8","Male","pool","Eyes open!","Voice\Battlefield\Male\search__controlled 7.ogg","recording_required","","",""
"P2","search","controlled","9","Female","pool","Find out what that was!","Voice\Battlefield\Female\search__controlled 8.ogg","recording_required","","",""
"P2","search","controlled","9","Male","pool","Find out what that was!","Voice\Battlefield\Male\search__controlled 8.ogg","recording_required","","",""
